<channel>
  <id>981f9fe2-ef3c-40cd-a1ec-a6f704946e9c</id>
  <name>HL7PipeDelimitedFileSource</name>
  <description></description>
  <enabled>true</enabled>
  <version>2.1.1.5490</version>
  <lastModified>
    <time>1335533272000</time>
    <timezone>America/New_York</timezone>
  </lastModified>
  <revision>11</revision>
  <sourceConnector>
    <name>sourceConnector</name>
    <properties>
      <property name="DataType">File Reader</property>
      <property name="FTPAnonymous">1</property>
      <property name="autoDelete">0</property>
      <property name="binary">0</property>
      <property name="charsetEncoding">DEFAULT_ENCODING</property>
      <property name="checkFileAge">1</property>
      <property name="fileAge">1000</property>
      <property name="fileFilter">*.hl7</property>
      <property name="host">${hl7_pipe_delimited_file_source_input_dir}</property>
      <property name="moveToDirectory">${hl7_pipe_delimited_file_source_processed_dir}</property>
      <property name="moveToErrorDirectory">${hl7_pipe_delimited_file_source_error_dir}</property>
      <property name="moveToPattern"></property>
      <property name="passive">1</property>
      <property name="password">anonymous</property>
      <property name="pollingFrequency">1000</property>
      <property name="pollingType">interval</property>
      <property name="processBatchFiles">0</property>
      <property name="regex">0</property>
      <property name="scheme">file</property>
      <property name="secure">1</property>
      <property name="sortAttribute">date</property>
      <property name="timeout">10000</property>
      <property name="username">anonymous</property>
      <property name="validateConnections">1</property>
    </properties>
    <transformer>
      <steps/>
      <inboundTemplate encoding="base64"></inboundTemplate>
      <outboundTemplate encoding="base64"></outboundTemplate>
      <inboundProtocol>HL7V2</inboundProtocol>
      <outboundProtocol>XML</outboundProtocol>
      <inboundProperties>
        <property name="convertLFtoCR">true</property>
        <property name="handleRepetitions">true</property>
        <property name="handleSubcomponents">true</property>
        <property name="stripNamespaces">true</property>
        <property name="useStrictParser">false</property>
        <property name="useStrictValidation">false</property>
      </inboundProperties>
      <outboundProperties>
        <property name="stripNamespaces">true</property>
      </outboundProperties>
    </transformer>
    <filter>
      <rules/>
    </filter>
    <transportName>File Reader</transportName>
    <mode>SOURCE</mode>
    <enabled>true</enabled>
    <version>2.1.1.5490</version>
  </sourceConnector>
  <destinationConnectors>
    <connector>
      <name>Destination 1</name>
      <properties>
        <property name="DataType">Channel Writer</property>
        <property name="host">5fab7b95-867b-4759-856d-bd35a234bba8</property>
        <property name="synchronised">0</property>
        <property name="template">${message.transformedData}</property>
      </properties>
      <transformer>
        <steps/>
        <inboundProtocol>XML</inboundProtocol>
        <outboundProtocol>XML</outboundProtocol>
        <inboundProperties>
          <property name="stripNamespaces">true</property>
        </inboundProperties>
        <outboundProperties>
          <property name="stripNamespaces">true</property>
        </outboundProperties>
      </transformer>
      <filter>
        <rules/>
      </filter>
      <transportName>Channel Writer</transportName>
      <mode>DESTINATION</mode>
      <enabled>true</enabled>
      <version>2.1.1.5490</version>
    </connector>
  </destinationConnectors>
  <properties>
    <property name="clearGlobalChannelMap">true</property>
    <property name="dont_store_filtered">false</property>
    <property name="encryptData">false</property>
    <property name="error_messages_only">false</property>
    <property name="initialState">started</property>
    <property name="max_message_age">-1</property>
    <property name="store_messages">true</property>
    <property name="synchronous">true</property>
    <property name="transactional">false</property>
  </properties>
  <preprocessingScript>// Modify the message variable below to pre process data
return message;</preprocessingScript>
  <postprocessingScript>// This script executes once after a message has been processed
return;</postprocessingScript>
  <deployScript>// This script executes once when the channel is deployed
// You only have access to the globalMap and globalChannelMap here to persist data
importPackage(Packages.java.util);
importPackage(Packages.java.io);


	var value = java.lang.System.getenv(&apos;SCHIEPPH_PROPERTIES_DIR&apos;);
	var property_file = &apos;&apos;;

	if (value == null)
	{
		//no enviroment variable, default to Mirth Properties directory. 
		property_file = &apos;conf/HL7PipeDelimitedFileSource.properties&apos;;
	}
	else
	{
		property_file = value + &apos;/HL7PipeDelimitedFileSource.properties&apos;;
	}


try {
	var properties = new Properties();
	properties.load(new java.io.FileInputStream(property_file));


	for (iterator = properties.entrySet().iterator(); iterator.hasNext();) {
		var entry = iterator.next();
		globalMap.put(entry.getKey(), entry.getValue());
		logger.info(entry.getKey() + &quot; = &quot; + entry.getValue());
	}

	logger.info(&apos;Successfully loaded &apos; + property_file);
} catch (e) {
	logger.error(e);
}



return;</deployScript>
  <shutdownScript>// This script executes once when the channel is undeployed
// You only have access to the globalMap and globalChannelMap here to persist data
return;</shutdownScript>
</channel>