<?xml version="1.0" encoding="UTF-8"?>
<HL7Validation xmlns:xsi="http://www.w3.org/2001/XMLSchema-instance" xsi:noNamespaceSchemaLocation="file:../../../Product/Production/XML/HL7Validation.xsd">
    <ValidHL7Versions errorCodeId="3" errorMessageId="3" severity="Hold" >
        <version>2.3.1</version>
        <version>2.5.1</version>
    </ValidHL7Versions>
    <SupportedAdtMessages errorCodeId="3" errorMessageId="4" severity="Hold" >
        <adtMessage>A01</adtMessage>
        <adtMessage>A03</adtMessage>
        <adtMessage>A04</adtMessage>
        <adtMessage>A08</adtMessage>
    </SupportedAdtMessages>
    <Fields>
        <Field>
            <name>Facility Identifier</name>
            <Location version="2.3.1" >
                <hl7Segment fieldNumber="5.2" >OBX</hl7Segment>
                <identifier mustMatch="true" fieldNumber="3.1">SS001</identifier>
            </Location>
            <Location version="2.5.1" >
                <hl7Segment fieldNumber="7.2" >EVN</hl7Segment>
            </Location>
            <description>Field #1 - Unique facility identifier of facility where the patient originally presented (original provider of the data)</description>
            <Validations>
                <usage errorCodeId="1" errorMessageId="1" severity="Hold" >Required</usage>
            </Validations>
        </Field>
        <Field>
            <name>Facility Name</name>
            <Location version="2.3.1" >
                <hl7Segment fieldNumber="5.1" >OBX</hl7Segment>
                <identifier mustMatch="true" fieldNumber="3.1">SS001</identifier>
            </Location>
            <Location version="2.5.1" >
                <hl7Segment fieldNumber="7.1" >EVN</hl7Segment>
            </Location>
            <description>Field #2 - Name of facility where the patient originally presented (original provider of the data)</description>
            <Validations>
                <usage errorCodeId="0" errorMessageId="0" severity="None" >Optional</usage>
            </Validations>
        </Field>
        <Field>
            <name>Facility Location - Street Address</name>
            <Location version="2.3.1" >
                <hl7Segment fieldNumber="5.2" >OBX</hl7Segment>
                <identifier mustMatch="true" fieldNumber="3.1">SS002</identifier>
            </Location>
            <Location version="2.5.1" >
                <hl7Segment fieldNumber="5.2" >OBX</hl7Segment>
                <identifier mustMatch="true" fieldNumber="3.1">SS002</identifier>
            </Location>
            <description>Field #3 - Street address of treating facility location</description>
            <Validations>
                <usage errorCodeId="0" errorMessageId="0" severity="None" >Optional</usage>
            </Validations>
        </Field>
        <Field>
            <name>Facility Location - City</name>
            <Location version="2.3.1" >
                <hl7Segment fieldNumber="5.6" >OBX</hl7Segment>
                <identifier mustMatch="true" fieldNumber="3.1">SS002</identifier>
            </Location>
            <Location version="2.5.1" >
                <hl7Segment fieldNumber="5.6" >OBX</hl7Segment>
                <identifier fieldNumber="3.1">SS002</identifier>
            </Location>
            <description>Field #4 - City of treating facility location</description>
            <Validations>
                <usage errorCodeId="0" errorMessageId="0" severity="None" >Optional</usage>
            </Validations>
        </Field>
        <Field>
            <name>Facility Location - County</name>
            <Location version="2.3.1" >
                <hl7Segment fieldNumber="5.12" >OBX</hl7Segment>
                <identifier mustMatch="true" fieldNumber="3.1">SS002</identifier>
            </Location>
            <Location version="2.5.1" >
                <hl7Segment fieldNumber="5.12" >OBX</hl7Segment>
                <identifier mustMatch="true" fieldNumber="3.1">SS002</identifier>
            </Location>
            <description>Field #5 - County of treating facility location</description>
            <Validations>
                <usage errorCodeId="0" errorMessageId="0" severity="None" >Optional</usage>
            </Validations>
        </Field>
        <Field>
            <name>Facility Location - State</name>
            <Location version="2.3.1" >
                <hl7Segment fieldNumber="5.7" >OBX</hl7Segment>
                <identifier fieldNumber="3.1">SS002</identifier>
            </Location>
            <Location version="2.5.1" >
                <hl7Segment fieldNumber="5.7" >OBX</hl7Segment>
                <identifier mustMatch="true" fieldNumber="3.1">SS002</identifier>
            </Location>
            <description>Field #6 - State of treating facility location</description>
            <Validations>
                <usage errorCodeId="0" errorMessageId="0" severity="None" >Optional</usage>
            </Validations>
        </Field>
        <Field>
            <name>Facility/Visit Type</name>
            <Location version="2.3.1" >
                <hl7Segment fieldNumber="5.1" >OBX</hl7Segment>
                <identifier mustMatch="true" fieldNumber="3.1">SS003</identifier>
            </Location>
            <Location version="2.5.1" >
                <hl7Segment fieldNumber="5.1" >OBX</hl7Segment>
                <identifier mustMatch="true" fieldNumber="3.1">SS003</identifier>
            </Location>
            <description>Field #7 - Type of facility that the patient visited for treatment</description>
            <Validations>
                <usage errorCodeId="1" errorMessageId="1" severity="Hold" >Required</usage>
            </Validations>
        </Field>
        <Field>
            <name>Report Date/Time</name>
            <Location version="2.3.1" >
                <hl7Segment fieldNumber="2" >EVN</hl7Segment>
            </Location>
            <Location version="2.5.1" >
                <hl7Segment fieldNumber="2" >EVN</hl7Segment>
            </Location>
            <description>Field #8 - Date and time of report transmission from original source (from treating facility)</description>
            <Validations>
                <usage errorCodeId="1" errorMessageId="1" severity="Hold" >Required</usage>
            </Validations>
        </Field>
        <Field>
            <name>Unique Patient Identifier</name>
            <Location version="2.3.1" >
                <hl7Segment fieldNumber="3.1" >PID</hl7Segment>
                <identifier repeatingElement="Field" mustMatch="false" fieldNumber="3.5">PI</identifier>
                <identifier repeatingElement="Field" mustMatch="false" fieldNumber="3.5">PT</identifier>
            </Location>
            <Location version="2.5.1" >
                <hl7Segment fieldNumber="3.1" >PID</hl7Segment>
                <identifier repeatingElement="Field" mustMatch="false" fieldNumber="3.5">PI</identifier>
                <identifier repeatingElement="Field" mustMatch="false" fieldNumber="3.5">PT</identifier>
            </Location>
            <description>Field #9 - Unique identifier for the patient</description>
            <Validations>
                <usage errorCodeId="1" errorMessageId="1" severity="Hold" >Required</usage>
            </Validations>
        </Field>
        <Field>
            <name>Medical Record Number</name>
            <Location version="2.3.1" >
                <hl7Segment fieldNumber="3" >PID</hl7Segment>
                <identifier repeatingElement="Field" mustMatch="true" fieldNumber="3.5">MR</identifier>
            </Location>
            <Location version="2.5.1" >
                <hl7Segment fieldNumber="3" >PID</hl7Segment>
                <identifier repeatingElement="Field" mustMatch="true" fieldNumber="3.5">MR</identifier>
            </Location>
            <description>Field #10 - Patient medical record number</description>
            <Validations>
                <usage errorCodeId="0" errorMessageId="0" severity="None" >Optional</usage>
            </Validations>
        </Field>
        <Field>
            <name>Age</name>
            <Location version="2.3.1" >
                <hl7Segment fieldNumber="5.1" >OBX</hl7Segment>
                <identifier fieldNumber="3.1">21612-7</identifier>
            </Location>
            <Location version="2.5.1" >
                <hl7Segment fieldNumber="5.1" >OBX</hl7Segment>
                <identifier mustMatch="true" fieldNumber="3.1">21612-7</identifier>
            </Location>
            <description>Field #11 - Numeric value of patient age </description>
            <Validations>
                <usage errorCodeId="1" errorMessageId="1" severity="Hold" >Required</usage>
            </Validations>
        </Field>
        <Field>
            <name>Age Units</name>
            <Location version="2.3.1" >
                <hl7Segment fieldNumber="6.2" >OBX</hl7Segment>
                <identifier mustMatch="true" fieldNumber="3.1">21612-7</identifier>
            </Location>
            <Location version="2.5.1" >
                <hl7Segment fieldNumber="6.2" >OBX</hl7Segment>
                <identifier mustMatch="true" fieldNumber="3.1">21612-7</identifier>
            </Location>
            <description>Field #12 - Unit corresponding to numeric value of patient age (e.g. Days, Month or Years) </description>
            <Validations>
                <usage errorCodeId="1" errorMessageId="1" severity="Hold" >Required</usage>
            </Validations>
        </Field>
        <Field>
            <name>Gender</name>
            <Location version="2.3.1" >
                <hl7Segment fieldNumber="8" >PID</hl7Segment>
             </Location>
            <Location version="2.5.1" >
                <hl7Segment fieldNumber="8" >PID</hl7Segment>
            </Location>
            <description>Field #13 - Gender of patient</description>
            <Validations>
                <usage errorCodeId="2" errorMessageId="2" severity="None" >RequiredEmpty</usage>
            </Validations>
        </Field>
        <Field>
            <name>Patient City/Town</name>
            <Location version="2.3.1" >
                <hl7Segment fieldNumber="11.3" >PID</hl7Segment>
            </Location>
            <Location version="2.5.1" >
                <hl7Segment fieldNumber="11.3" >PID</hl7Segment>
            </Location>
            <description>Field #14 - City/Town of patient residence</description>
            <Validations>
                <usage errorCodeId="0" errorMessageId="0" severity="None" >Optional</usage>
            </Validations>
        </Field>
        <Field>
            <name>Patient Zip Code</name>
            <Location version="2.3.1" >
                <hl7Segment fieldNumber="11.5" >PID</hl7Segment>
            </Location>
            <Location version="2.5.1" >
                <hl7Segment fieldNumber="11.5" >PID</hl7Segment>
            </Location>
            <description>Field #15 - ZIP Code of patient residence</description>
            <Validations>
                <usage errorCodeId="2" errorMessageId="2" severity="None" >RequiredEmpty</usage>
            </Validations>
        </Field>
        <Field>
            <name>Patient State</name>
            <Location version="2.3.1" >
                <hl7Segment fieldNumber="11.4" >PID</hl7Segment>
            </Location>
            <Location version="2.5.1" >
                <hl7Segment fieldNumber="11.4" >PID</hl7Segment>
            </Location>
            <description>Field #16 - State of patient residence </description>
            <Validations>
                <usage errorCodeId="0" errorMessageId="0" severity="None" >Optional</usage>
            </Validations>
        </Field>
        <Field>
            <name>Patient Country</name>
            <Location version="2.3.1" >
                <hl7Segment fieldNumber="11.6" >PID</hl7Segment>
            </Location>
            <Location version="2.5.1" >
                <hl7Segment fieldNumber="11.6" >PID</hl7Segment>
            </Location>
            <description>Field #17 - Country of patient residence</description>
            <Validations>
                <usage errorCodeId="0" errorMessageId="0" severity="None" >Optional</usage>
            </Validations>
        </Field>
        <Field>
            <name>Race</name>
            <Location version="2.3.1" >
                <hl7Segment fieldNumber="10" >PID</hl7Segment>
            </Location>
            <Location version="2.5.1" >
                <hl7Segment fieldNumber="10" >PID</hl7Segment>
            </Location>
            <description>Field #18 - Race of patient</description>
            <Validations>
                <usage errorCodeId="2" errorMessageId="2" severity="None" >RequiredEmpty</usage>
            </Validations>
        </Field>
        <Field>
            <name>Ethnicity</name>
            <Location version="2.3.1" >
                <hl7Segment fieldNumber="22" >PID</hl7Segment>
            </Location>
            <Location version="2.5.1" >
                <hl7Segment fieldNumber="22" >PID</hl7Segment>
            </Location>
            <description>Field #19 - Ethnicity of patient</description>
            <Validations>
                <usage errorCodeId="2" errorMessageId="2" severity="None" >RequiredEmpty</usage>
            </Validations>
        </Field>
        <Field>
            <name>Patient County</name>
            <Location version="2.3.1" >
                <hl7Segment fieldNumber="11.9" >PID</hl7Segment>
            </Location>
            <Location version="2.5.1" >
                <hl7Segment fieldNumber="11.9" >PID</hl7Segment>
            </Location>
            <description>Field #20 - County/Parish Code</description>
            <Validations>
                <usage errorCodeId="0" errorMessageId="0" severity="None" >Optional</usage>
            </Validations>
        </Field>
        <Field>
            <name>Unique Visiting Id</name>
            <Location version="2.3.1" >
                <hl7Segment fieldNumber="19" >PV1</hl7Segment>
            </Location>
            <Location version="2.5.1" >
                <hl7Segment fieldNumber="19" >PV1</hl7Segment>
            </Location>
            <description>Field #21 - Unique identifier for a Patient visit </description>
            <Validations>
                <usage errorCodeId="1" errorMessageId="1" severity="Hold" >Required</usage>
            </Validations>
        </Field>
        <Field>
            <name>Visit Date/Time</name>
            <Location version="2.3.1" >
                <hl7Segment fieldNumber="44" >PV1</hl7Segment>
            </Location>
            <Location version="2.5.1" >
                <hl7Segment fieldNumber="44" >PV1</hl7Segment>
            </Location>
            <description>Field #22 - Date/Time of patient presentation</description>
            <Validations>
                <usage errorCodeId="1" errorMessageId="1" severity="Hold" >Required</usage>
            </Validations>
        </Field>
        <Field>
            <name>Date of Onset</name>
            <Location version="2.3.1" >
                <hl7Segment fieldNumber="5.1" >OBX</hl7Segment>
                <identifier mustMatch="true" fieldNumber="3.1">11368-8</identifier>
            </Location>
            <Location version="2.5.1" >
                <hl7Segment fieldNumber="5.1" >OBX</hl7Segment>
                <identifier mustMatch="true" fieldNumber="3.1">11368-8</identifier>
            </Location>
            <description>Field #23 - Date that patient began having symptoms of condition being reported</description>
            <Validations>
                <usage errorCodeId="0" errorMessageId="0" severity="None" >Optional</usage>
            </Validations>
        </Field>
        <Field>
            <name>Patient Class</name>
            <Location version="2.3.1" >
                <hl7Segment fieldNumber="2.1" >PV1</hl7Segment>
            </Location>
            <Location version="2.5.1" >
                <hl7Segment fieldNumber="2.1" >PV1</hl7Segment>
            </Location>
            <description>Field #24 - Patient classification within facility</description>
            <Validations>
                <usage errorCodeId="0" errorMessageId="0" severity="None" >Optional</usage>
            </Validations>
        </Field>
        <Field>
            <name>Chief Complaint / Reason for visit</name>
            <Location version="2.3.1" >
                <hl7Segment fieldNumber="5.9" >OBX</hl7Segment>
                <identifier mustMatch="true" fieldNumber="3.1">8661-1</identifier>
            </Location>
            <Location version="2.5.1" >
                <hl7Segment fieldNumber="5.9" >OBX</hl7Segment>
                <identifier mustMatch="true" fieldNumber="3.1">8661-1</identifier>
            </Location>
            <description>Field #25 - Short description of the chief complaint or reason of patient’s visit, recorded when seeking care</description>
            <Validations>
                <usage errorCodeId="2" errorMessageId="2" severity="None" >RequiredEmpty</usage>
            </Validations>
        </Field>
        <Field>
            <name>Triage Notes</name>
            <Location version="2.3.1" >
                <hl7Segment fieldNumber="5.1" >OBX</hl7Segment>
                <identifier mustMatch="true" fieldNumber="3.1">54094-8</identifier>
            </Location>
            <Location version="2.5.1" >
                <hl7Segment fieldNumber="5.1" >OBX</hl7Segment>
                <identifier mustMatch="true" fieldNumber="3.1">54094-8</identifier>
            </Location>
            <description>Field #26 - Triage notes for the patient visit</description>
            <Validations>
                <usage errorCodeId="0" errorMessageId="0" severity="None" >Optional</usage>
            </Validations>
        </Field>
        <Field>
            <name>Diagnosis/Injury Code</name>
            <Location version="2.3.1" >
                <hl7Segment fieldNumber="3.1" >DG1</hl7Segment>
            </Location>
            <Location version="2.5.1" >
                <hl7Segment fieldNumber="3.1" >DG1</hl7Segment>
            </Location>
            <description>Field #27 - Diagnosis or injury code of patient condition</description>
            <Validations>
                <usage errorCodeId="2" errorMessageId="2" severity="None" >RequiredEmpty</usage>
            </Validations>
        </Field>
        <Field>
            <name>Clinical Impression</name>
            <Location version="2.3.1" >
                <hl7Segment fieldNumber="5.1" >OBX</hl7Segment>
                <identifier mustMatch="true" fieldNumber="3.1">44833-2</identifier>
            </Location>
            <Location version="2.5.1" >
                <hl7Segment fieldNumber="5.1" >OBX</hl7Segment>
                <identifier mustMatch="true" fieldNumber="3.1">44833-2</identifier>
            </Location>
            <description>Field #28 - Clinical impression (free text) of the diagnosis </description>
            <Validations>
                <usage errorCodeId="0" errorMessageId="0" severity="None" >Optional</usage>
            </Validations>
        </Field>
        <Field>
            <name>Diagnosis Type</name>
            <Location version="2.3.1" >
                <hl7Segment fieldNumber="6" >DG1</hl7Segment>
            </Location>
            <Location version="2.5.1" >
                <hl7Segment fieldNumber="6" >DG1</hl7Segment>
            </Location>
            <description>Field #29 - Qualifier for Diagnosis / Injury Code specifying type of diagnosis</description>
            <Validations>
                <usage errorCodeId="1" errorMessageId="1" severity="Hold" >Required</usage>
            </Validations>
        </Field>
        <Field>
            <name>Discharge Disposition</name>
            <Location version="2.3.1" >
                <hl7Segment fieldNumber="36" >PV1</hl7Segment>
            </Location>
            <Location version="2.5.1" >
                <hl7Segment fieldNumber="36" >PV1</hl7Segment>
            </Location>
            <description>Field #30 - Patient's anticipated location or status following ED/UC visit</description>
            <Validations>
                <usage errorCodeId="2" errorMessageId="2" severity="None" >RequiredEmpty</usage>
            </Validations>
        </Field>
        <Field>
            <name>Disposition Date/Time</name>
            <Location version="2.3.1" >
                <hl7Segment fieldNumber="45" >PV1</hl7Segment>
            </Location>
            <Location version="2.5.1" >
                <hl7Segment fieldNumber="45" >PV1</hl7Segment>
            </Location>
            <description>Field #31 - Date and time of disposition</description>
            <Validations>
                <usage errorCodeId="0" errorMessageId="0" severity="None" >Optional</usage>
            </Validations>
        </Field>
        <Field>
            <name>Initial Temperature</name>
            <Location version="2.3.1" >
                <hl7Segment fieldNumber="5.1" >OBX</hl7Segment>
                <identifier mustMatch="true" fieldNumber="3.1">11289-6</identifier>
            </Location>
            <Location version="2.5.1" >
                <hl7Segment fieldNumber="5.1" >OBX</hl7Segment>
                <identifier mustMatch="true" fieldNumber="3.1">11289-6</identifier>
            </Location>
            <description>Field #32 - First recorded temperature</description>
            <Validations>
                <usage errorCodeId="0" errorMessageId="0" severity="None" >Optional</usage>
            </Validations>
        </Field>
        <Field>
            <name>Initial Temperature - Units</name>
            <Location version="2.3.1" >
                <hl7Segment fieldNumber="6.1" >OBX</hl7Segment>
                <identifier mustMatch="true" fieldNumber="3.1">11289-6</identifier>
            </Location>
            <Location version="2.5.1" >
                <hl7Segment fieldNumber="6.1" >OBX</hl7Segment>
                <identifier mustMatch="true" fieldNumber="3.1">11289-6</identifier>
            </Location>
            <description>Field #32 - First recorded temperature units</description>
            <Validations>
                <usage errorCodeId="0" errorMessageId="0" severity="None" >Optional</usage>
            </Validations>
        </Field>
        <Field>
            <name>Initial Pulse Oximetry</name>
            <Location version="2.3.1" >
                <hl7Segment fieldNumber="5.1" >OBX</hl7Segment>
                <identifier mustMatch="true" fieldNumber="3.1">59408-5</identifier>
            </Location>
            <Location version="2.5.1" >
                <hl7Segment fieldNumber="5.1" >OBX</hl7Segment>
                <identifier mustMatch="true" fieldNumber="3.1">59408-5</identifier>
            </Location>
            <description>Field #33 - First recorded pulse oximetry value</description>
            <Validations>
                <usage errorCodeId="0" errorMessageId="0" severity="None" >Optional</usage>
            </Validations>
        </Field>
        <Field>
            <name>Initial Pulse Oximetry - Units</name>
            <Location version="2.3.1" >
                <hl7Segment fieldNumber="6.1" >OBX</hl7Segment>
                <identifier mustMatch="true" fieldNumber="3.1">59408-5</identifier>
            </Location>
            <Location version="2.5.1" >
                <hl7Segment fieldNumber="6.1" >OBX</hl7Segment>
                <identifier mustMatch="true" fieldNumber="3.1">59408-5</identifier>
            </Location>
            <description>Field #33 - First recorded pulse oximetry units</description>
            <Validations>
                <usage errorCodeId="0" errorMessageId="0" severity="None" >Optional</usage>
            </Validations>
        </Field>
    </Fields>
    <ErrorMessages>
        <!-- Error messages are dynamically created by appending one of
            the following messages to the name of the field that is in error.
            Message id 0 is reserved for checks that cannot fail a validity
            check, such as an optional filed being missing (i.e. this is not
            an error, so there is no error message to print) -->
        <errorMessage id="0" printFieldName="false" printFieldValue="false" ></errorMessage>
        <errorMessage id="1" printFieldName="true" printFieldValue="false" >is a required field and is missing or empty.</errorMessage>
        <errorMessage id="2" printFieldName="true" printFieldValue="false" >is a required/empty field and is missing.</errorMessage>
        <errorMessage id="3" printFieldName="false" printFieldValue="true" >is not a supported HL7 version.</errorMessage>
        <errorMessage id="4" printFieldName="false" printFieldValue="true" >is not a supported ADT Message.</errorMessage>
    </ErrorMessages>
    <ErrorCodes>
        <errorCode id="0"></errorCode>
        <errorCode id="1">SCHIEPPHRequiredFieldMissing</errorCode>
        <errorCode id="2">SCHIEPPHRequiredEmptyFieldMissing</errorCode>
        <errorCode id="3">SCHIEPPHInvalidValue</errorCode>
    </ErrorCodes>
</HL7Validation>
